--HAY ERRORES , SON 2 Y ENTRE LOS DOS LES VALIO VERGA, LEAN LAS DEFINICIONES DE LA BD, HAY CAMPOS QUE EXPLICITAMENTE NO SE PUEDEN REPETIR


USE ERPBUSINESS;

--Registros de tabla usuarios--

/*
INSERT INTO USUARIOS(ID_USR,ROLEE,PASS,MATRICULA) VALUES("USUARIO123","1","TUTSIFRUTA123","USU123");
INSERT INTO USUARIOS(ID_USR, ROLEE, PASS, MATRICULA) VALUES
    ("USUARIO001", "1", "PASS12345", "ID421"),
    ("USUARIO002", "1", "PASS23456", "ID118"),
    ("USUARIO003", "1", "PASS34567", "ID753"),
    ("USUARIO004", "1", "PASS45678", "ID982"),
    ("USUARIO005", "1", "PASS56789", "ID467");

INSERT INTO USUARIOS(ID_USR, ROLEE, PASS, MATRICULA) VALUES
    ("USUARIO006", "1", "AROMA", "ID219"),
    ("USUARIO007", "1", "BRISA", "ID834"),
    ("USUARIO008", "1", "CAMINO", "ID591"),
    ("USUARIO009", "1", "DOMINGO", "ID743"),
    ("USUARIO010", "1", "ECUADOR", "ID269");*/
    

--SELECT USUARIOS.ID_USR,USUARIOS_DETAIL.NOMBRE,USUARIOS.ROLEE,USUARIOS.MATRICULA  FROM USUARIOS JOIN USUARIOS_DETAIL ON USUARIOS.ID_USR=USUARIOS_DETAIL.ID_USR WHERE USUARIOS.ID_USR = ?;

INSERT INTO USUARIOS (ID_USR, ROLEE, PASS, MATRICULA) VALUES
    ('USUARIO001', 1, 'PASS12345', 'ID421'),
    ('USUARIO002', 1, 'PASS23456', 'ID118'),
    ('USUARIO003', 1, 'PASS34567', 'ID753'),
    ('USUARIO004', 1, 'PASS45678', 'ID982'),
    ('USUARIO005', 1, 'PASS56789', 'ID467'),
    ('USUARIO006', 1, 'AROMA', 'ID219'),
    ('USUARIO007', 1, 'BRISA', 'ID834'),
    ('USUARIO008', 1, 'CAMINO', 'ID591'),
    ('USUARIO009', 1, 'DOMINGO', 'ID743'),
    ('USUARIO010', 1, 'ECUADOR', 'ID269'),
    ('USUARIO011', 2, 'PASS11111', 'ID985'),
    ('USUARIO012', 2, 'PASS22222', 'ID742'),
    ('USUARIO013', 2, 'PASS33333', 'ID163'),
    ('USUARIO014', 2, 'PASS44444', 'ID528'),
    ('USUARIO015', 2, 'PASS55555', 'ID749'),
    ('USUARIO016', 2, 'FLORES', 'ID382'),
    ('USUARIO017', 2, 'GARZA', 'ID194'),
    ('USUARIO018', 2, 'HONESTO', 'ID857'),
    ('USUARIO019', 2, 'IGLESIA', 'ID634'),
    ('USUARIO020', 2, 'JARDIN', 'ID279'),
    ('USUARIO021', 3, 'PASS654321', 'ID157'),
    ('USUARIO022', 3, 'PASS375984', 'ID693'),
    ('USUARIO023', 3, 'PASS219846', 'ID824'),
    ('USUARIO024', 3, 'PASS658723', 'ID395'),
    ('USUARIO025', 3, 'PASS943216', 'ID178'),
    ('USUARIO026', 3, 'KILOMETRO', 'ID642'),
    ('USUARIO027', 3, 'LUNA', 'ID859'),
    ('USUARIO028', 3, 'MARAVILLA', 'ID317'),
    ('USUARIO029', 3, 'NATURALEZA', 'ID546'),
    ('USUARIO030', 3, 'OCEANO', 'ID923'),
    ('USUARIO031', 99, 'PASS987654', 'ID421'),
    ('USUARIO032', 99, 'PASS543219', 'ID982'),
    ('USUARIO033', 99, 'PASS765432', 'ID119'),
    ('USUARIO034', 99, 'PASS394827', 'ID753'),
    ('USUARIO035', 99, 'PASS168943', 'ID467'),
    ('USUARIO036', 99, 'PALOMA', 'ID219'),
    ('USUARIO037', 99, 'QUIMICA', 'ID834'),
    ('USUARIO038', 99, 'RECUERDO', 'ID591'),
    ('USUARIO039', 99, 'SOLAR', 'ID743'),
    ('USUARIO040', 99, 'TORREON', 'ID269');

--registros de usuarios_detail--

INSERT INTO USUARIOS_DETAIL (ID_USR, NOMBRE, APELLIDO_M, APELLIDO_P, FECHA_NAC, EMAIL, TELEFONO) VALUES
    ("USUARIO001", "ANA", "MARIA", "RODRIGUEZ", '2000-05-15', "ANA.MRODRIGUEZ@EMAIL.COM", "5212345678"),
    ("USUARIO002", "LUIS", "JOSE", "GARCIA", '2002-08-22', "LUIS.JGARCIA@EMAIL.COM", "2345678901"),
    ("USUARIO003", "MARIA", "ELSA", "MARTINEZ", '2001-03-30', "MARIA.EMARTINEZ@EMAIL.COM", "3456789012"),
    ("USUARIO004", "JUAN", "ANTONIO", "GOMEZ", '1999-11-15', "JUAN.AGOMEZ@EMAIL.COM", "4567890123"),
    ("USUARIO005", "SARA", "ISABEL", "HERNANDEZ", '2003-07-28', "SARA.IHERNANDEZ@EMAIL.COM", "5678901234"),
    ("USUARIO006", "CRISTINA", "VALERIA", "GARCIA", '2000-04-30', "CRISTINA.VGARCIA@EMAIL.COM", "1214567890"),
    ("USUARIO007", "OSCAR", "ENRIQUE", "HERNANDEZ", '1998-12-20', "OSCAR.EHERNANDEZ@EMAIL.COM", "2345678902"),
    ("USUARIO008", "GLORIA", "BEATRIZ", "SANCHEZ", '2001-03-15', "GLORIA.BSANCHEZ@EMAIL.COM", "3456789013"),
    ("USUARIO009", "HECTOR", "GUILLERMO", "LOPEZ", '1997-11-25', "HECTOR.GLOPEZ@EMAIL.COM", "5567890124"),
    ("USUARIO010", "IRIS", "NATALIA", "DIAZ", '2002-02-10', "IRIS.NDIAZ@EMAIL.COM", "5278901235"),
    ("USUARIO011", "CARLOS", "MANUEL", "SANCHEZ", '1999-04-20', "CARLOS.MSANCHEZ@EMAIL.COM", "6789012345"),
    ("USUARIO012", "LAURA", "PAOLA", "DIAZ", '2001-01-10', "LAURA.PDIAZ@EMAIL.COM", "5278903456"),
    ("USUARIO013", "JORGE", "FRANCISCO", "LOPEZ", '2000-09-25', "JORGE.FLOPEZ@EMAIL.COM", "5201234567"),
    ("USUARIO014", "VERONICA", "CRISTINA", "GONZALEZ", '1998-02-15', "VERONICA.CGONZALEZ@EMAIL.COM", "9012345678"),
    ("USUARIO015", "RAFAEL", "EDUARDO", "RODRIGUEZ", '2002-06-30', "RAFAEL.ERODRIGUEZ@EMAIL.COM", "0123456789"),
    ("USUARIO016", "ALBERTO", "JOSE", "GONZALEZ", '1997-10-30', "ALBERTO.JGONZALEZ@EMAIL.COM", "5678012346"),
    ("USUARIO017", "MARCELA", "ROSARIO", "RODRIGUEZ", '2003-01-15', "MARCELA.RRODRIGUEZ@EMAIL.COM", "5890123457"),
    ("USUARIO018", "ERNESTO", "MANUEL", "MARTINEZ", '1996-09-25', "ERNESTO.MMARTINEZ@EMAIL.COM", "5201234568"),
    ("USUARIO019", "DIANA", "ELVIRA", "GARCIA", '2004-03-25', "DIANA.EGARCIA@EMAIL.COM", "5290123479"),
    ("USUARIO020", "RICARDO", "ANTONIO", "HERNANDEZ", '1995-08-20', "RICARDO.AHERNANDEZ@EMAIL.COM", "5123456790"),
    ("USUARIO021", "ADRIANA", "SOFIA", "MARTINEZ", '2000-04-05', "ADRIANA.SMARTINEZ@EMAIL.COM", "5214567810"),
    ("USUARIO022", "ROBERTO", "ALBERTO", "GARCIA", '1994-07-20', "ROBERTO.AGARCIA@EMAIL.COM", "5223478903"),
    ("USUARIO023", "PAOLA", "ANDREA", "GOMEZ", '2001-03-15', "PAOLA.AGOMEZ@EMAIL.COM", "5234567890"),
    ("USUARIO024", "FRANCISCO", "JAVIER", "HERNANDEZ", '1993-08-25', "FRANCISCO.JHERNANDEZ@EMAIL.COM", "5267890125"),
    ("USUARIO025", "CLAUDIA", "MARCELA", "SANCHEZ", '2002-02-10', "CLAUDIA.MSANCHEZ@EMAIL.COM", "5256789236"),
    ("USUARIO026", "SONIA", "GRACIELA", "SANCHEZ", '2005-02-10', "SONIA.GSANCHEZ@EMAIL.COM", "5212345699"),
    ("USUARIO027", "ALEJANDRO", "FRANCISCO", "LOPEZ", '2006-07-30', "ALEJANDRO.FLOPEZ@EMAIL.COM", "5345678904"),
    ("USUARIO028", "ROSALBA", "ELSA", "DIAZ", '2006-01-15', "ROSALBA.EDIAZ@EMAIL.COM", "5234567895"),
    ("USUARIO029", "JAIME", "LUIS", "GONZALEZ", '2007-06-25', "JAIME.LGONZALEZ@EMAIL.COM", "5245690126"),
    ("USUARIO030", "ESTHER", "CRISTINA", "RODRIGUEZ", '2004-03-25', "ESTHER.CRODRIGUEZ@EMAIL.COM", "5678901237"),
    ("USUARIO031", "MIGUEL", "ANGEL", "LOPEZ", '2006-09-30', "MIGUEL.ALOPEZ@EMAIL.COM", "5269012347"),
    ("USUARIO032", "ELIZABETH", "MONICA", "DIAZ", '2001-01-15', "ELIZABETH.MDIAZ@EMAIL.COM", "5890123458"),
    ("USUARIO033", "ALFREDO", "RAUL", "GONZALEZ", '2006-10-20', "ALFREDO.RGONZALEZ@EMAIL.COM", "5289012345"),
    ("USUARIO034", "MONICA", "ESTELA", "RODRIGUEZ", '2001-03-25', "MONICA.ERODRIGUEZ@EMAIL.COM", "5290145680"),
    ("USUARIO035", "GERARDO", "LUIS", "MARTINEZ", '2005-11-15', "GERARDO.LMARTINEZ@EMAIL.COM", "0123456791"),
    ("USUARIO036", "ANGELICA", "MARIA", "MARTINEZ", '2002-05-30', "ANGELICA.MMARTINEZ@EMAIL.COM", "6789012348"),
    ("USUARIO037", "LUIS", "RAFAEL", "GARCIA", '2003-02-10', "LUIS.RGARCIA@EMAIL.COM", "5278901259"),
    ("USUARIO038", "MARIA", "TERESA", "HERNANDEZ", '2002-04-25', "MARIA.THERNANDEZ@EMAIL.COM", "5901234570"),
    ("USUARIO039", "JULIO", "CESAR", "SANCHEZ", '2006-01-15', "JULIO.CSANCHEZ@EMAIL.COM", "5290145681"),
    ("USUARIO040", "ISABEL", "CONSUELO", "LOPEZ", '2002-03-30', "ISABEL.CLOPEZ@EMAIL.COM", "5203456792");


--registros de productos--

INSERT INTO PRODUCTOS (ID_PROD, NOMBRE, MARCA) VALUES
    ('PROD001', 'PAN_BLANCO_BIMBO', 'BIMBO'),  
    ('PROD002', 'LECHE_LALA_1L_DESLACTOSADA', 'LALA'),
    ('PROD003', 'JUMEX_MANGO_500ML', 'JUMEX'),
    ('PROD004', 'CERVEZA_CORONA_355ML', 'CORONA'),
    ('PROD005', 'PAN_INTEGRAL_BIMBO', 'BIMBO'),
    ('PROD006', 'LECHE_LALA_1L_CHOCOLATE', 'LALA'),
    ('PROD007', 'COCA_COLA_600ML', 'COCA_COLA'),
    ('PROD008', 'CHILES_JALAPEÑOS_LA_COSTEÑA_380G', 'LA_COSTEÑA'),
    ('PROD009', 'LECHE_LALA_1L_SEMIDESCREMADA', 'LALA'),
    ('PROD010', 'PEPSI_600ML', 'PEPSI'),
    ('PROD011', 'LECHE_LALA_1L_ALMENDRAS', 'LALA'),
    ('PROD012', 'JUMEX_NARANJA_500ML', 'JUMEX'),
    ('PROD013', 'PAN_BIMBO_SIN_AZUCAR', 'BIMBO'),
    ('PROD014', 'CERVEZA_MODELO_ESPECIAL_355ML', 'MODELO'),
    ('PROD015', 'LECHE_LALA_1L_SOYA', 'LALA'),
    ('PROD016', 'LECHE_LALA_1L_LIGHT', 'LALA'),
    ('PROD017', 'SALSA_VERDE_HERDEZ_250G', 'HERDEZ'),
    ('PROD018', 'CERVEZA_MODELO_NEGRA_355ML', 'MODELO'),
    ('PROD019', 'CHILES_CHIPOTLES_LA_COSTEÑA_380G', 'LA_COSTEÑA'),
    ('PROD020', 'CERVEZA_MODELO_ULTRA_355ML', 'MODELO'),
    ('PROD021', 'PAN_BIMBO_MULTIGRANO', 'BIMBO'),
    ('PROD022', 'PAN_BIMBO_CON_AJONJOLI', 'BIMBO'),
    ('PROD023', 'GALLETAS_MARIAS_GAMESA', 'GAMESA'),
    ('PROD024', 'CERVEZA_CORONA_EXTRA_355ML', 'CORONA'),
    ('PROD025', 'CERVEZA_CORONA_LIGHT_355ML', 'CORONA'),
    ('PROD026', 'COCA_COLA_SIN_AZUCAR_600ML', 'COCA_COLA'),
    ('PROD027', 'GALLETAS_CRACKETS_GAMESA', 'GAMESA'),
    ('PROD028', 'CHILES_PIQUILLO_LA_COSTEÑA_380G', 'LA_COSTEÑA'),
    ('PROD029', 'CERVEZA_CORONA_FAMILIAR_710ML', 'CORONA'),
    ('PROD030', 'LECHE_LALA_1L_PASTEURIZADA', 'LALA'),
    ('PROD031', 'JUMEX_PIÑA_500ML', 'JUMEX'),
    ('PROD032', 'PEPSI_TWIST_600ML', 'PEPSI'),
    ('PROD033', 'JUMEX_GUAYABA_500ML', 'JUMEX'),
    ('PROD034', 'CHILES_EN_VINAGRE_LA_COSTEÑA_380G', 'LA_COSTEÑA'),
    ('PROD035', 'CERVEZA_MODELO_AMBAR_355ML', 'MODELO'),
    ('PROD036', 'JUMEX_DURAZNO_500ML', 'JUMEX'),
    ('PROD037', 'JUMEX_MANZANA_500ML', 'JUMEX'),
    ('PROD038', 'PEPSI_BLACK_600ML', 'PEPSI'),
    ('PROD039', 'SALSA_ROJA_HERDEZ_250G', 'HERDEZ'),
    ('PROD040', 'PEPSI_LIME_600ML', 'PEPSI'),
    ('PROD041', 'PAN_BIMBO_TOSTADO', 'BIMBO'),
    ('PROD042', 'LECHE_LALA_1L_DESLACTOSADA_LIGHT', 'LALA'),
    ('PROD043', 'PAN_BIMBO_CON_NUEZ', 'BIMBO'),
    ('PROD044', 'PEPSI_VAINILLA_600ML', 'PEPSI'),
    ('PROD045', 'LECHE_LALA_1L_COCO', 'LALA'),
    ('PROD046', 'SALSA_TAQUERA_HERDEZ_250G', 'HERDEZ'),
    ('PROD047', 'JUMEX_UVA_500ML', 'JUMEX'),
    ('PROD048', 'SALSA_GUAJILLO_HERDEZ_250G', 'HERDEZ'),
    ('PROD049', 'CHILES_HABANEROS_LA_COSTEÑA_380G', 'LA_COSTEÑA'),
    ('PROD050', 'CHILES_SERRANOS_LA_COSTEÑA_380G', 'LA_COSTEÑA'),
    ('PROD051', 'JUMEX_TORONJA_500ML', 'JUMEX'),
    ('PROD052', 'COCA_COLA_ZERO_600ML', 'COCA_COLA'),
    ('PROD053', 'PEPSI_MANZANA_600ML', 'PEPSI'),
    ('PROD054', 'LECHE_LALA_1L_AVELLANA', 'LALA'),
    ('PROD055', 'PEPSI_CEREZA_600ML', 'PEPSI'),
    ('PROD056', 'PAN_BIMBO_CENTENO', 'BIMBO'),
    ('PROD057', 'JUMEX_FRESA_500ML', 'JUMEX'),
    ('PROD058', 'CHILES_RAJAS_LA_COSTEÑA_380G', 'LA_COSTEÑA'),
    ('PROD059', 'PAN_BIMBO_LINAZA', 'BIMBO'),
    ('PROD060', 'CERVEZA_MODELO_TRIGO_355ML', 'MODELO'),
    ('PROD061', 'COCA_COLA_NARANJA_600ML', 'COCA_COLA'),
    ('PROD062', 'PAN_BIMBO_ARANDANOS', 'BIMBO'),
    ('PROD063', 'GALLETAS_DORADAS_GAMESA', 'GAMESA'),
    ('PROD064', 'LECHE_LALA_1L_CANELA', 'LALA'),
    ('PROD065', 'PAN_BIMBO_PASAS', 'BIMBO'),
    ('PROD066', 'SALSA_MACHA_HERDEZ_250G', 'HERDEZ'),
    ('PROD067', 'GALLETAS_ANIMALITOS_GAMESA', 'GAMESA'),
    ('PROD068', 'CERVEZA_MODELO_VICTORIA_355ML', 'MODELO'),
    ('PROD069', 'PAN_BIMBO_CACAHUATE', 'BIMBO'),
    ('PROD070', 'CERVEZA_CORONA_NEGRA_355ML', 'CORONA'),
    ('PROD071', 'CHILES_EN VINAGRE_LA_COSTEÑA_380G', 'LA_COSTEÑA'),
    ('PROD072', 'CHILES_JALAPEÑOS_ESCOBECHE_LA_COSTEÑA_380G', 'LA_COSTEÑA'),
    ('PROD073', 'JUMEX_TAMARINDO_500ML', 'JUMEX'),
    ('PROD074', 'COCA_COLA_VAINILLA_600ML', 'COCA_COLA'),
    ('PROD075', 'SALSA_CHIPOTLE_HERDEZ_250G', 'HERDEZ'),
    ('PROD076', 'CERVEZA_MODELO_PACIFICO_355ML', 'MODELO'),
    ('PROD077', 'CERVEZA_MODELO_LEON_355ML', 'MODELO'),
    ('PROD078', 'CERVEZA_CORONA_AMBAR_355ML', 'CORONA'),
    ('PROD079', 'COCA_COLA_LIMON_600ML', 'COCA_COLA'),
    ('PROD080', 'PAN_BIMBO_ELOTE', 'BIMBO'),
    ('PROD081', 'GALLETAS_EMPERADOR_GAMESA', 'GAMESA'),
    ('PROD082', 'PAN_BIMBO_AVENA', 'BIMBO'),
    ('PROD083', 'SALSA_GUAJILLO_SECA_HERDEZ_250G', 'HERDEZ'),
    ('PROD084', 'JUMEX_ZANAHORIA_500ML', 'JUMEX'),
    ('PROD085', 'CERVEZA_CORONA_LIME_355ML', 'CORONA'),
    ('PROD086', 'CERVEZA_MODELO_SIN_ALCOHOL_355ML', 'MODELO'),
    ('PROD087', 'LECHE_LALA_1L_DESLACTOSADA_LIGHT', 'LALA'),
    ('PROD088', 'PAN_BIMBO_CON_NUEZ', 'BIMBO'),
    ('PROD089', 'PEPSI_VAINILLA_600ML', 'PEPSI'),
    ('PROD090', 'LECHE_LALA_1L_COCO', 'LALA'),
    ('PROD091', 'SALSA_TAQUERA_HERDEZ_250G', 'HERDEZ'),
    ('PROD092', 'JUMEX_UVA_500ML', 'JUMEX'),
    ('PROD093', 'SALSA_GUAJILLO_HERDEZ_250G', 'HERDEZ'),
    ('PROD094', 'CHILES_HABANEROS_LA_COSTEÑA_380G', 'LA_COSTEÑA'),
    ('PROD095', 'CHILES_SERRANOS_LA_COSTEÑA_380G', 'LA_COSTEÑA'),
    ('PROD096', 'JUMEX_MANGO_500ML', 'JUMEX'),
    ('PROD097', 'CERVEZA_MODELO_ULTRA_355ML', 'MODELO'),
    ('PROD098', 'PAN_BIMBO_MULTIGRANO', 'BIMBO'),
    ('PROD099', 'PAN_BIMBO_CON_AJONJOLI', 'BIMBO'),
    ('PROD100', 'GALLETAS_MARIAS_GAMESA', 'GAMESA');


---registros de precios-

INSERT INTO PRECIOS (ID_PROD, PRECIO) VALUES
    ('PROD001', 15),
    ('PROD002', 25),
    ('PROD003', 12),
    ('PROD004', 30),
    ('PROD005', 18),
    ('PROD006', 28),
    ('PROD007', 10),
    ('PROD008', 20),
    ('PROD009', 26),
    ('PROD010', 11),
    ('PROD011', 29),
    ('PROD012', 13),
    ('PROD013', 17),
    ('PROD014', 32),
    ('PROD015', 27),
    ('PROD016', 24),
    ('PROD017', 19),
    ('PROD018', 33),
    ('PROD019', 21),
    ('PROD020', 31),
    ('PROD021', 16),
    ('PROD022', 22),
    ('PROD023', 8),
    ('PROD024', 34),
    ('PROD025', 35),
    ('PROD026', 14),
    ('PROD027', 9),
    ('PROD028', 23),
    ('PROD029', 36),
    ('PROD030', 27),
    ('PROD031', 14),
    ('PROD032', 12),
    ('PROD033', 15),
    ('PROD034', 24),
    ('PROD035', 37),
    ('PROD036', 16),
    ('PROD037', 17),
    ('PROD038', 13),
    ('PROD039', 20),
    ('PROD040', 11),
    ('PROD041', 18),
    ('PROD042', 28),
    ('PROD043', 21),
    ('PROD044', 19),
    ('PROD045', 29),
    ('PROD046', 22),
    ('PROD047', 15),
    ('PROD048', 23),
    ('PROD049', 25),
    ('PROD050', 26),
    ('PROD051', 16),
    ('PROD052', 13),
    ('PROD053', 17),
    ('PROD054', 30),
    ('PROD055', 18),
    ('PROD056', 24),
    ('PROD057', 14),
    ('PROD058', 27),
    ('PROD059', 28),
    ('PROD060', 38),
    ('PROD061', 12),
    ('PROD062', 29),
    ('PROD063', 9),
    ('PROD064', 31),
    ('PROD065', 20),
    ('PROD066', 21),
    ('PROD067', 10),
    ('PROD068', 39),
    ('PROD069', 22),
    ('PROD070', 40),
    ('PROD071', 26),
    ('PROD072', 23),
    ('PROD073', 16),
    ('PROD074', 11),
    ('PROD075', 25),
    ('PROD076', 41),
    ('PROD077', 42),
    ('PROD078', 43),
    ('PROD079', 17),
    ('PROD080', 19),
    ('PROD081', 13),
    ('PROD082', 30),
    ('PROD083', 27),
    ('PROD084', 15),
    ('PROD085', 44),
    ('PROD086', 45),
    ('PROD087', 28),
    ('PROD088', 29),
    ('PROD089', 14),
    ('PROD090', 31),
    ('PROD091', 24),
    ('PROD092', 12),
    ('PROD093', 26),
    ('PROD094', 20),
    ('PROD095', 21),
    ('PROD096', 18),
    ('PROD097', 46),
    ('PROD098', 22),
    ('PROD099', 23),
    ('PROD100', 9);


--registros de ventas--

INSERT INTO VENTAS (ID_PROD, FECHA, PRECIO, CANTIDAD) VALUES
    ('PROD001', '2025-01-01', 15, 2),
    ('PROD002', '2025-01-01', 25, 1),
    ('PROD003', '2025-01-02', 12, 3),
    ('PROD004', '2025-01-02', 30, 1),
    ('PROD005', '2025-01-03', 18, 2),
    ('PROD006', '2025-01-03', 28, 1),
    ('PROD007', '2025-01-04', 10, 4),
    ('PROD008', '2025-01-04', 20, 2),
    ('PROD009', '2025-01-05', 26, 1),
    ('PROD010', '2025-01-05', 11, 3),
    ('PROD011', '2025-01-06', 29, 2),
    ('PROD012', '2025-01-06', 13, 1),
    ('PROD013', '2025-01-07', 17, 2),
    ('PROD014', '2025-01-07', 32, 1),
    ('PROD015', '2025-01-08', 27, 3),
    ('PROD0016', '2025-01-08', 24, 2),
    ('PROD017', '2025-01-09', 19, 1),
    ('PROD018', '2025-01-09', 33, 2),
    ('PROD019', '2025-01-10', 21, 3),
    ('PROD020', '2025-01-10', 31, 1),
    ('PROD021', '2025-01-11', 16, 2),
    ('PROD022', '2025-01-11', 22, 1),
    ('PROD023', '2025-01-12', 8, 4),
    ('PROD024', '2025-01-12', 34, 2),
    ('PROD025', '2025-01-13', 35, 1),
    ('PROD026', '2025-01-13', 14, 3),
    ('PROD027', '2025-01-14', 9, 2),
    ('PROD028', '2025-01-14', 23, 1),
    ('PROD029', '2025-01-15', 36, 2),
    ('PROD030', '2025-01-15', 27, 1),
    ('PROD031', '2025-01-16', 14, 3),
    ('PROD032', '2025-01-16', 12, 2),
    ('PROD033', '2025-01-17', 15, 1),
    ('PROD034', '2025-01-17', 24, 2),
    ('PROD035', '2025-01-18', 37, 3),
    ('PROD036', '2025-01-18', 16, 1),
    ('PROD037', '2025-01-19', 17, 2),
    ('PROD038', '2025-01-19', 13, 1),
    ('PROD039', '2025-01-20', 20, 3),
    ('PROD040', '2025-01-20', 11, 2),
    ('PROD041', '2025-01-21', 18, 1),
    ('PROD042', '2025-01-21', 28, 2),
    ('PROD043', '2025-01-22', 21, 3),
    ('PROD044', '2025-01-22', 19, 1),
    ('PROD045', '2025-01-23', 29, 2),
    ('PROD046', '2025-01-23', 22, 1),
    ('PROD047', '2025-01-24', 15, 3),
    ('PROD048', '2025-01-24', 23, 2),
    ('PROD049', '2025-01-25', 25, 1),
    ('PROD050', '2025-01-25', 26, 2),
    ('PROD051', '2025-01-26', 16, 3),
    ('PROD052', '2025-01-26', 13, 1),
    ('PROD053', '2025-01-27', 17, 2),
    ('PROD054', '2025-01-27', 30, 1),
    ('PROD055', '2025-01-28', 18, 3),
    ('PROD056', '2025-01-28', 24, 2),
    ('PROD057', '2025-01-29', 14, 1),
    ('PROD058', '2025-01-29', 27, 2),
    ('PROD059', '2025-01-30', 28, 3),
    ('PROD060', '2025-01-30', 38, 1),
    ('PROD061', '2025-01-31', 12, 2),
    ('PROD062', '2025-01-31', 29, 1),
    ('PROD063', '2025-02-01', 9, 4),
    ('PROD064', '2025-02-01', 31, 2),
    ('PROD065', '2025-02-02', 20, 1),
    ('PROD066', '2025-02-02', 21, 3),
    ('PROD067', '2025-02-03', 10, 2),
    ('PROD068', '2025-02-03', 39, 1),
    ('PROD069', '2025-02-04', 22, 2),
    ('PROD070', '2025-02-04', 40, 1),
    ('PROD071', '2025-02-05', 26, 2),
    ('PROD072', '2025-02-05', 23, 1),
    ('PROD073', '2025-02-06', 16, 3),
    ('PROD074', '2025-02-06', 11, 2),
    ('PROD075', '2025-02-07', 25, 1),
    ('PROD076', '2025-02-07', 41, 2),
    ('PROD077', '2025-02-08', 42, 1),
    ('PROD078', '2025-02-08', 43, 3),
    ('PROD079', '2025-02-09', 17, 2),
    ('PROD080', '2025-02-09', 19, 1),
    ('PROD081', '2025-02-10', 13, 2),
    ('PROD082', '2025-02-10', 30, 3),
    ('PROD083', '2025-02-11', 27, 1),
    ('PROD084', '2025-02-11', 15, 2),
    ('PROD085', '2025-02-12', 44, 1),
    ('PROD086', '2025-02-12', 45, 3),
    ('PROD087', '2025-02-13', 28, 2),
    ('PROD088', '2025-02-13', 29, 1),
    ('PROD089', '2025-02-14', 14, 2),
    ('PROD090', '2025-02-14', 31, 3),
    ('PROD091', '2025-02-15', 24, 1),
    ('PROD092', '2025-02-15', 12, 2),
    ('PROD093', '2025-02-16', 26, 1),
    ('PROD094', '2025-02-16', 20, 3),
    ('PROD095', '2025-02-17', 21, 2),
    ('PROD096', '2025-02-17', 18, 1),
    ('PROD097', '2025-02-18', 46, 2),
    ('PROD098', '2025-02-18', 22, 3),
    ('PROD099', '2025-02-19', 23, 1),
    ('PROD100', '2025-02-19', 9, 2),
    ('PROD001', '2025-02-20', 15, 1),
    ('PROD002', '2025-02-20', 25, 3),
    ('PROD003', '2025-02-21', 12, 2),
    ('PROD004', '2025-02-21', 30, 1),
    ('PROD005', '2025-02-22', 18, 2),
    ('PROD006', '2025-02-22', 28, 1),
    ('PROD007', '2025-02-23', 10, 3),
    ('PROD008', '2025-02-23', 20, 2),
    ('PROD009', '2025-02-24', 26, 1),
    ('PROD010', '2025-02-24', 11, 3),
    ('PROD011', '2025-02-25', 29, 2),
    ('PROD012', '2025-02-25', 13, 1),
    ('PROD013', '2025-02-26', 17, 2),
    ('PROD014', '2025-02-26', 32, 1),
    ('PROD015', '2025-02-27', 27, 3),
    ('PROD016', '2025-02-27', 24, 2),
    ('PROD017', '2025-02-28', 19, 1),
    ('PROD018', '2025-02-28', 33, 2),
    ('PROD019', '2025-03-01', 21, 3),
    ('PROD020', '2025-03-01', 31, 1),
    ('PROD021', '2025-03-02', 16, 2),
    ('PROD022', '2025-03-02', 22, 1),
    ('PROD023', '2025-03-03', 8, 4),
    ('PROD024', '2025-03-03', 34, 2),
    ('PROD025', '2025-03-04', 35, 1),
    ('PROD026', '2025-03-04', 14, 3),
    ('PROD027', '2025-03-05', 9, 2),
    ('PROD028', '2025-03-05', 23, 1),
    ('PROD029', '2025-03-06', 36, 2),
    ('PROD030', '2025-03-06', 27, 1),
    ('PROD031', '2025-03-07', 14, 3),
    ('PROD032', '2025-03-07', 12, 2),
    ('PROD033', '2025-03-08', 15, 1),
    ('PROD034', '2025-03-08', 24, 2),
    ('PROD035', '2025-03-09', 37, 3),
    ('PROD036', '2025-03-09', 16, 1),
    ('PROD037', '2025-03-10', 17, 2),
    ('PROD038', '2025-03-10', 13, 1),
    ('PROD039', '2025-03-11', 20, 3),
    ('PROD040', '2025-03-11', 11, 2),
    ('PROD041', '2025-03-12', 18, 1),
    ('PROD042', '2025-03-12', 28, 2),
    ('PROD043', '2025-03-13', 21, 3),
    ('PROD044', '2025-03-13', 19, 1),
    ('PROD045', '2025-03-14', 29, 2),
    ('PROD046', '2025-03-14', 22, 1),
    ('PROD047', '2025-03-15', 15, 3),
    ('PROD048', '2025-03-15', 23, 2),
    ('PROD049', '2025-03-16', 25, 1),
    ('PROD050', '2025-03-16', 26, 2),
    ('PROD051', '2025-03-17', 16, 3),
    ('PROD052', '2025-03-17', 13, 1),
    ('PROD053', '2025-03-18', 17, 2),
    ('PROD054', '2025-03-18', 30, 1),
    ('PROD055', '2025-03-19', 18, 3),
    ('PROD056', '2025-03-19', 24, 2),
    ('PROD057', '2025-03-20', 14, 1),
    ('PROD058', '2025-03-20', 27, 2),
    ('PROD059', '2025-03-21', 28, 3),
    ('PROD060', '2025-03-21', 38, 1),
    ('PROD061', '2025-03-22', 12, 2),
    ('PROD062', '2025-03-22', 29, 1),
    ('PROD063', '2025-03-23', 9, 4),
    ('PROD064', '2025-03-23', 31, 2),
    ('PROD065', '2025-03-24', 20, 1),
    ('PROD066', '2025-03-24', 21, 3),
    ('PROD067', '2025-03-25', 10, 2),
    ('PROD068', '2025-03-25', 39, 1),
    ('PROD069', '2025-03-25', 22, 2),
    ('PROD070', '2025-03-25', 40, 1),
    ('PROD071', '2025-03-25', 26, 2),
    ('PROD072', '2025-03-25', 23, 1),
    ('PROD073', '2025-03-25', 16, 3),
    ('PROD074', '2025-03-25', 11, 2),
    ('PROD075', '2025-03-25', 25, 1),
    ('PROD076', '2025-03-25', 41, 2),
    ('PROD077', '2025-03-25', 42, 1),
    ('PROD078', '2025-03-25', 43, 3),
    ('PROD079', '2025-03-25', 17, 2),
    ('PROD080', '2025-03-25', 19, 1),
    ('PROD081', '2025-03-25', 13, 2),
    ('PROD082', '2025-03-25', 30, 3),
    ('PROD083', '2025-03-25', 27, 1),
    ('PROD084', '2025-03-25', 15, 2),
    ('PROD085', '2025-03-25', 44, 1),
    ('PROD086', '2025-03-25', 45, 3),
    ('PROD087', '2025-03-25', 28, 2),
    ('PROD088', '2025-03-25', 29, 1),
    ('PROD089', '2025-03-25', 14, 2),
    ('PROD090', '2025-03-25', 31, 3),
    ('PROD091', '2025-03-25', 24, 1),
    ('PROD092', '2025-03-25', 12, 2),
    ('PROD093', '2025-03-25', 26, 1),
    ('PROD094', '2025-03-25', 20, 3),
    ('PROD095', '2025-03-25', 21, 2),
    ('PROD096', '2025-03-25', 18, 1),
    ('PROD097', '2025-03-25', 46, 2),
    ('PROD098', '2025-03-25', 22, 3),
    ('PROD099', '2025-03-25', 23, 1),
    ('PROD100', '2025-03-25', 9, 2);