CREATE DATABASE IF NOT EXISTS ERPBUSINESS;
USE ERPBUSINESS;


CREATE USER 'node_user_erp'@'%' IDENTIFIED BY 'Zapatitoblaco123';
GRANT ALL PRIVILEGES ON ERPBUSINESS.* TO 'node_user'@'%';
FLUSH PRIVILEGES;



-- Crear tabla de Alumnos
CREATE TABLE IF NOT EXISTS USUARIOS (
    ID_USR VARCHAR(100) PRIMARY KEY,  
    ROLEE VARCHAR(2),
    PASS VARCHAR(100),
    MATRICULA VARCHAR(100)

);

CREATE TABLE IF NOT EXISTS USUARIOS_DETAIL (
    ID_USR VARCHAR(10) PRIMARY KEY,
    NOMBRE VARCHAR(100),
    APELLIDO_M VARCHAR(100),
    APELLIDO_P VARCHAR(100),
    FECHA_NAC DATE,
    EMAIL VARCHAR(100) UNIQUE,
    TELEFONO VARCHAR(10) UNIQUE
);

CREATE TABLE IF NOT EXISTS PRODUCTOS(
    ID_PROD VARCHAR(20) PRIMARY KEY,
    NOMBRE VARCHAR(100),
    MARCA VARCHAR(100)
);

CREATE TABLE IF NOT EXISTS PRECIOS(
    ID_PROD VARCHAR(20) PRIMARY KEY,
    PRECIO INT
);

CREATE TABLE IF NOT EXISTS VENTAS(
    ID_PROD VARCHAR(20),
    FECHA DATE,
    PRECIO INT,
    CANTIDAD INT
);

CREATE TABLE IF NOT EXISTS CUENTAS_T(
    NOMBRE VARCHAR(100),
    NATURALEZA VARCHAR(100)
);

--Registros de tabla usuarios--

INSERT INTO USUARIOS(ID_USR,ROLEE,PASS,MATRICULA) VALUES("USUARIO123","1","TUTSIFRUTA123","USU123");
INSERT INTO USUARIOS(ID_USR, ROLEE, PASS, MATRICULA) VALUES
    ("USUARIO001", "1", "PASS12345", "ID421"),
    ("USUARIO002", "1", "PASS23456", "ID118"),
    ("USUARIO003", "1", "PASS34567", "ID753"),
    ("USUARIO004", "1", "PASS45678", "ID982"),
    ("USUARIO005", "1", "PASS56789", "ID467"),
INSERT INTO USUARIOS(ID_USR, ROLEE, PASS, MATRICULA) VALUES
    ("USUARIO006", "1", "AROMA", "ID219"),
    ("USUARIO007", "1", "BRISA", "ID834"),
    ("USUARIO008", "1", "CAMINO", "ID591"),
    ("USUARIO009", "1", "DOMINGO", "ID743"),
    ("USUARIO010", "1", "ECUADOR", "ID269");
    

--SELECT USUARIOS.ID_USR,USUARIOS_DETAIL.NOMBRE,USUARIOS.ROLEE,USUARIOS.MATRICULA  FROM USUARIOS JOIN USUARIOS_DETAIL ON USUARIOS.ID_USR=USUARIOS_DETAIL.ID_USR WHERE USUARIOS.ID_USR = ?;


INSERT INTO USUARIOS(ID_USR,ROLEE,PASS,MATRICULA) VALUES("INVENTARIO123","2","PELOPONESO","INV123");
INSERT INTO USUARIOS(ID_USR, ROLEE, PASS, MATRICULA) VALUES
    ("USUARIO011", "2", "PASS11111", "ID985"),
    ("USUARIO012", "2", "PASS22222", "ID742"),
    ("USUARIO013", "2", "PASS33333", "ID163"),
    ("USUARIO014", "2", "PASS44444", "ID528"),
    ("USUARIO015", "2", "PASS55555", "ID749");
INSERT INTO USUARIOS(ID_USR, ROLEE, PASS, MATRICULA) VALUES
    ("USUARIO016", "2", "FLORES", "ID382"),
    ("USUARIO017", "2", "GARZA", "ID194"),
    ("USUARIO018", "2", "HONESTO", "ID857"),
    ("USUARIO019", "2", "IGLESIA", "ID634"),
    ("USUARIO020", "2", "JARDIN", "ID279");


INSERT INTO USUARIOS(ID_USR,ROLEE,PASS,MATRICULA) VALUES("ADMINISTRATIVO123","3","SECRETARIA","ADMNST123");
INSERT INTO USUARIOS(ID_USR, ROLEE, PASS, MATRICULA) VALUES
    ("USUARIO021", "3", "PASS654321", "ID157"),
    ("USUARIO022", "3", "PASS375984", "ID693"),
    ("USUARIO023", "3", "PASS219846", "ID824"),
    ("USUARIO024", "3", "PASS658723", "ID395"),
    ("USUARIO025", "3", "PASS943216", "ID178");
INSERT INTO USUARIOS(ID_USR, ROLEE, PASS, MATRICULA) VALUES
    ("USUARIO026", "3", "KILOMETRO", "ID642"),
    ("USUARIO027", "3", "LUNA", "ID859"),
    ("USUARIO028", "3", "MARAVILLA", "ID317"),
    ("USUARIO029", "3", "NATURALEZA", "ID546"),
    ("USUARIO030", "3", "OCEANO", "ID923");




INSERT INTO USUARIOS(ID_USR,ROLEE,PASS,MATRICULA) VALUES("ADMIN123","99","LINUX","ADMIN123");
INSERT INTO USUARIOS(ID_USR, ROLEE, PASS, MATRICULA) VALUES
    ("USUARIO031", "99", "PASS987654", "ID421"),
    ("USUARIO032", "99", "PASS543219", "ID982"),
    ("USUARIO033", "99", "PASS765432", "ID119"),
    ("USUARIO034", "99", "PASS394827", "ID753"),
    ("USUARIO035", "99", "PASS168943", "ID467");
INSERT INTO USUARIOS(ID_USR, ROLEE, PASS, MATRICULA) VALUES
    ("USUARIO036", "99", "PALOMA", "ID219"),
    ("USUARIO037", "99", "QUIMICA", "ID834"),
    ("USUARIO038", "99", "RECUERDO", "ID591"),
    ("USUARIO039", "99", "SOLAR", "ID743"),
    ("USUARIO040", "99", "TORREON", "ID269");

--registros de usuarios_detail--

INSERT INTO USUARIOS_DETAIL(ID_USR,NOMBRE,APELLIDO_M,APELLIDO_P,FECHA_NAC,EMAIL,TELEFONO) VALUES("USUARIO123","EL TIO","TITO","SUñIGA",'1990-12-12',"TIOTITO@GMAIL.COM",1234567890);
INSERT INTO USUARIOS_DETAIL(ID_USR,NOMBRE,APELLIDO_M,APELLIDO_P,FECHA_NAC,EMAIL,TELEFONO) VALUES
    ("USUARIO001", "ANA", "MARIA", "RODRIGUEZ", '1990-05-15', "ANA.MRODRIGUEZ@EMAIL.COM", 1234567890),
    ("USUARIO002", "LUIS", "JOSE", "GARCIA", '1985-08-22', "LUIS.JGARCIA@EMAIL.COM", 2345678901),
    ("USUARIO003", "MARIA", "ELSA", "MARTINEZ", '1992-03-30', "MARIA.EMARTINEZ@EMAIL.COM", 3456789012),
    ("USUARIO004", "JUAN", "ANTONIO", "GOMEZ", '1988-11-15', "JUAN.AGOMEZ@EMAIL.COM", 4567890123),
    ("USUARIO005", "SARA", "ISABEL", "HERNANDEZ", '1991-07-28', "SARA.IHERNANDEZ@EMAIL.COM", 5678901234),
    ("USUARIO011", "CARLOS", "MANUEL", "SANCHEZ", '1989-04-20', "CARLOS.MSANCHEZ@EMAIL.COM", 6789012345),
    ("USUARIO012", "LAURA", "PAOLA", "DIAZ", '1993-01-10', "LAURA.PDIAZ@EMAIL.COM", 7890123456),
    ("USUARIO013", "JORGE", "FRANCISCO", "LOPEZ", '1987-09-25', "JORGE.FLOPEZ@EMAIL.COM", 8901234567),
    ("USUARIO014", "VERONICA", "CRISTINA", "GONZALEZ", '1994-02-15', "VERONICA.CGONZALEZ@EMAIL.COM", 9012345678),
    ("USUARIO015", "RAFAEL", "EDUARDO", "RODRIGUEZ", '1986-06-30', "RAFAEL.ERODRIGUEZ@EMAIL.COM", 0123456789),
    ("USUARIO021", "ADRIANA", "SOFIA", "MARTINEZ", '1995-04-05', "ADRIANA.SMARTINEZ@EMAIL.COM", 1234567890),
    ("USUARIO022", "ROBERTO", "ALBERTO", "GARCIA", '1984-07-20', "ROBERTO.AGARCIA@EMAIL.COM", 2345678901),
    ("USUARIO023", "PAOLA", "ANDREA", "GOMEZ", '1996-03-15', "PAOLA.AGOMEZ@EMAIL.COM", 3456789012),
    ("USUARIO024", "FRANCISCO", "JAVIER", "HERNANDEZ", '1983-08-25', "FRANCISCO.JHERNANDEZ@EMAIL.COM", 4567890123),
    ("USUARIO025", "CLAUDIA", "MARCELA", "SANCHEZ", '1997-02-10', "CLAUDIA.MSANCHEZ@EMAIL.COM", 5678901234),
    ("USUARIO031", "MIGUEL", "ANGEL", "LOPEZ", '1982-09-30', "MIGUEL.ALOPEZ@EMAIL.COM", 6789012345),
    ("USUARIO032", "ELIZABETH", "MONICA", "DIAZ", '1998-01-15', "ELIZABETH.MDIAZ@EMAIL.COM", 7890123456),
    ("USUARIO033", "ALFREDO", "RAUL", "GONZALEZ", '1981-10-20', "ALFREDO.RGONZALEZ@EMAIL.COM", 8901234567),
    ("USUARIO034", "MONICA", "ESTELA", "RODRIGUEZ", '1999-03-25', "MONICA.ERODRIGUEZ@EMAIL.COM", 9012345678),
    ("USUARIO035", "GERARDO", "LUIS", "MARTINEZ", '1980-11-15', "GERARDO.LMARTINEZ@EMAIL.COM", 0123456789);
INSERT INTO USUARIOS_DETAIL(ID_USR,NOMBRE,APELLIDO_M,APELLIDO_P,FECHA_NAC,EMAIL,TELEFONO) VALUES
    ("USUARIO006", "CRISTINA", "VALERIA", "GARCIA", '2000-04-30', "CRISTINA.VGARCIA@EMAIL.COM", 1234567890),
    ("USUARIO007", "OSCAR", "ENRIQUE", "HERNANDEZ", '1979-12-20', "OSCAR.EHERNANDEZ@EMAIL.COM", 2345678901),
    ("USUARIO008", "GLORIA", "BEATRIZ", "SANCHEZ", '2001-03-15', "GLORIA.BSANCHEZ@EMAIL.COM", 3456789012),
    ("USUARIO009", "HECTOR", "GUILLERMO", "LOPEZ", '1978-11-25', "HECTOR.GLOPEZ@EMAIL.COM", 4567890123),
    ("USUARIO010", "IRIS", "NATALIA", "DIAZ", '2002-02-10', "IRIS.NDIAZ@EMAIL.COM", 5678901234),
    ("USUARIO016", "ALBERTO", "JOSE", "GONZALEZ", '1977-10-30', "ALBERTO.JGONZALEZ@EMAIL.COM", 6789012345),
    ("USUARIO017", "MARCELA", "ROSARIO", "RODRIGUEZ", '2003-01-15', "MARCELA.RRODRIGUEZ@EMAIL.COM", 7890123456),
    ("USUARIO018", "ERNESTO", "MANUEL", "MARTINEZ", '1976-09-25', "ERNESTO.MMARTINEZ@EMAIL.COM", 8901234567),
    ("USUARIO019", "DIANA", "ELVIRA", "GARCIA", '2004-03-25', "DIANA.EGARCIA@EMAIL.COM", 9012345678),
    ("USUARIO020", "RICARDO", "ANTONIO", "HERNANDEZ", '1975-08-20', "RICARDO.AHERNANDEZ@EMAIL.COM", 0123456789),
    ("USUARIO026", "SONIA", "GRACIELA", "SANCHEZ", '2005-02-10', "SONIA.GSANCHEZ@EMAIL.COM", 1234567890),
    ("USUARIO027", "ALEJANDRO", "FRANCISCO", "LOPEZ", '1974-07-30', "ALEJANDRO.FLOPEZ@EMAIL.COM", 2345678901),
    ("USUARIO028", "ROSALBA", "ELSA", "DIAZ", '2006-01-15', "ROSALBA.EDIAZ@EMAIL.COM", 3456789012),
    ("USUARIO029", "JAIME", "LUIS", "GONZALEZ", '1973-06-25', "JAIME.LGONZALEZ@EMAIL.COM", 4567890123),
    ("USUARIO030", "ESTHER", "CRISTINA", "RODRIGUEZ", '2007-03-25', "ESTHER.CRODRIGUEZ@EMAIL.COM", 5678901234),
    ("USUARIO036", "ANGELICA", "MARIA", "MARTINEZ", '1972-05-30', "ANGELICA.MMARTINEZ@EMAIL.COM", 6789012345),
    ("USUARIO037", "LUIS", "RAFAEL", "GARCIA", '2008-02-10', "LUIS.RGARCIA@EMAIL.COM", 7890123456),
    ("USUARIO038", "MARIA", "TERESA", "HERNANDEZ", '1971-04-25', "MARIA.THERNANDEZ@EMAIL.COM", 8901234567),
    ("USUARIO039", "JULIO", "CESAR", "SANCHEZ", '2009-01-15', "JULIO.CSANCHEZ@EMAIL.COM", 9012345678),
    ("USUARIO040", "ISABEL", "CONSUELO", "LOPEZ", '1970-03-30', "ISABEL.CLOPEZ@EMAIL.COM", 0123456789);


--registros de productos--
INSERT INTO PRODUCTOS(ID_PROD,NOMBRE,MARCA) VALUES("COCA600","COCA COLA 600ML","COCA COLA");
INSERT INTO PRODUCTOS(ID_PROD,NOMBRE,MARCA) VALUES
    ("BIMB426", "PAN_BLANCO_BIMBO", "BIMBO"),
    ("LALA108", "LECHE_LALA_1L_DESLACTOSADA", "LALA"),
    ("JUME139", "JUMEX_MANGO_500ML", "JUMEX"),
    ("CORO426", "CERVEZA_CORONA_355ML", "CORONA"),
    ("BIMB493", "PAN_INTEGRAL_BIMBO", "BIMBO"),
    ("LALA123", "LECHE_LALA_1L_CHOCOLATE", "LALA"),
    ("COCA174", "COCA_COLA_600ML", "COCA_COLA"),
    ("LAC663", "CHILES_JALAPEÑOS_LA_COSTEÑA_380G", "LA_COSTEÑA"),
    ("LALA490", "LECHE_LALA_1L_SEMIDESCREMADA", "LALA"),
    ("PEPS763", "PEPSI_600ML", "PEPSI"),
    ("LALA908", "LECHE_LALA_1L_ALMENDRAS", "LALA"),
    ("JUME270", "JUMEX_NARANJA_500ML", "JUMEX"),
    ("BIMB153", "PAN_BIMBO_SIN_AZUCAR", "BIMBO"),
    ("MODE430", "CERVEZA_MODELO_ESPECIAL_355ML", "MODELO"),
    ("LALA566", "LECHE_LALA_1L_SOYA", "LALA"),
    ("LALA115", "LECHE_LALA_1L_LIGHT", "LALA"),
    ("HERD430", "SALSA_VERDE_HERDEZ_250G", "HERDEZ"),
    ("MODE894", "CERVEZA_MODELO_NEGRA_355ML", "MODELO"),
    ("LAC602", "CHILES_CHIPOTLES_LA_COSTEÑA_380G", "LA_COSTEÑA"),
    ("MODE129", "CERVEZA_MODELO_ULTRA_355ML", "MODELO"),
    ("BIMB516", "PAN_BIMBO_MULTIGRANO", "BIMBO"),
    ("BIMB290", "PAN_BIMBO_CON_AJONJOLI", "BIMBO"),
    ("GAME987", "GALLETAS_MARIAS_GAMESA", "GAMESA"),
    ("CORO698", "CERVEZA_CORONA_EXTRA_355ML", "CORONA"),
    ("CORO536", "CERVEZA_CORONA_LIGHT_355ML", "CORONA"),
    ("COCA586", "COCA_COLA_SIN_AZUCAR_600ML", "COCA_COLA"),
    ("GAME149", "GALLETAS_CRACKETS_GAMESA", "GAMESA"),
    ("LAC509", "CHILES_PIQUILLO_LA_COSTEÑA_380G", "LA_COSTEÑA"),
    ("CORO423", "CERVEZA_CORONA_FAMILIAR_710ML", "CORONA"),
    ("LALA744", "LECHE_LALA_1L_PASTEURIZADA", "LALA"),
    ("JUME357", "JUMEX_PIÑA_500ML", "JUMEX"),
    ("PEPS733", "PEPSI_TWIST_600ML", "PEPSI"),
    ("JUME961", "JUMEX_GUAYABA_500ML", "JUMEX"),
    ("LAC191", "CHILES_EN_VINAGRE_LA_COSTEÑA_380G", "LA_COSTEÑA"),
    ("MODE596", "CERVEZA_MODELO_AMBAR_355ML", "MODELO"),
    ("JUME381", "JUMEX_DURAZNO_500ML", "JUMEX"),
    ("JUME539", "JUMEX_MANZANA_500ML", "JUMEX"),
    ("PEPS881", "PEPSI_BLACK_600ML", "PEPSI"),
    ("HERD738", "SALSA_ROJA_HERDEZ_250G", "HERDEZ"),
    ("PEPS615", "PEPSI_LIME_600ML", "PEPSI"),
    ("BIMB218", "PAN_BIMBO_TOSTADO", "BIMBO"),
    ("LALA184", "LECHE_LALA_1L_DESLACTOSADA_LIGHT", "LALA"),
    ("BIMB841", "PAN_BIMBO_CON_NUEZ", "BIMBO"),
    ("PEPS257", "PEPSI_VAINILLA_600ML", "PEPSI"),
    ("LALA483", "LECHE_LALA_1L_COCO", "LALA"),
    ("HERD744", "SALSA_TAQUERA_HERDEZ_250G", "HERDEZ"),
    ("JUME631", "JUMEX_UVA_500ML", "JUMEX"),
    ("HERD731", "SALSA_GUAJILLO_HERDEZ_250G", "HERDEZ"),
    ("LAC373", "CHILES_HABANEROS_LA_COSTEÑA_380G", "LA_COSTEÑA"),
    ("LAC313", "CHILES_SERRANOS_LA_COSTEÑA_380G", "LA_COSTEÑA");
INSERT INTO PRODUCTOS(ID_PROD,NOMBRE,MARCA) VALUES
    ("JUME148", "JUMEX_TORONJA_500ML", "JUMEX"),
    ("COCA258", "COCA_COLA_ZERO_600ML", "COCA_COLA"),
    ("PEPS786", "PEPSI_MANZANA_600ML", "PEPSI"),
    ("LALA150", "LECHE_LALA_1L_AVELLANA", "LALA"),
    ("PEPS137", "PEPSI_CEREZA_600ML", "PEPSI"),
    ("BIMB135", "PAN_BIMBO_CENTENO", "BIMBO"),
    ("JUME915", "JUMEX_FRESA_500ML", "JUMEX"),
    ("LAC759", "CHILES_RAJAS_LA_COSTEÑA_380G", "LA_COSTEÑA"),
    ("BIMB496", "PAN_BIMBO_LINAZA", "BIMBO"),
    ("MODE839", "CERVEZA_MODELO_TRIGO_355ML", "MODELO"),
    ("COCA493", "COCA_COLA_NARANJA_600ML", "COCA_COLA"),
    ("BIMB525", "PAN_BIMBO_ARANDANOS", "BIMBO"),
    ("GAME815", "GALLETAS_DORADAS_GAMESA", "GAMESA"),
    ("LALA749", "LECHE_LALA_1L_CANELA", "LALA"),
    ("BIMB623", "PAN_BIMBO_PASAS", "BIMBO"),
    ("HERD737", "SALSA_MACHA_HERDEZ_250G", "HERDEZ"),
    ("GAME310", "GALLETAS_ANIMALITOS_GAMESA", "GAMESA"),
    ("MODE313", "CERVEZA_MODELO_VICTORIA_355ML", "MODELO"),
    ("BIMB803", "PAN_BIMBO_CACAHUATE", "BIMBO"),
    ("CORO922", "CERVEZA_CORONA_NEGRA_355ML", "CORONA"),
    ("LAC879", "CHILES_JALAPEÑOS_ESCOBECHE_LA_COSTEÑA_380G", "LA_COSTEÑA"),
    ("JUME333", "JUMEX_TAMARINDO_500ML", "JUMEX"),
    ("COCA885", "COCA_COLA_VAINILLA_600ML", "COCA_COLA"),
    ("HERD828", "SALSA_CHIPOTLE_HERDEZ_250G", "HERDEZ"),
    ("MODE317", "CERVEZA_MODELO_PACIFICO_355ML", "MODELO"),
    ("MODE634", "CERVEZA_MODELO_LEON_355ML", "MODELO"),
    ("CORO159", "CERVEZA_CORONA_AMBAR_355ML", "CORONA"),
    ("COCA922", "COCA_COLA_LIMON_600ML", "COCACOLA"),
    ("BIMB682", "PAN_BIMBO_ELOTE", "BIMBO"),
    ("GAME199", "GALLETAS_EMPERADOR_GAMESA", "GAMESA"),
    ("BIMB109", "PAN_BIMBO_AVENA", "BIMBO"),
    ("HERD605", "SALSA_GUAJILLO_SECA_HERDEZ_250G", "HERDEZ"),
    ("JUME285", "JUMEX_ZANAHORIA_500ML", "JUMEX"),
    ("CORO828", "CERVEZA_CORONA_LIME_355ML", "CORONA"),
    ("MODE466", "CERVEZA_MODELO_SIN_ALCOHOL_355ML", "MODELO"),
    ("LALA184", "LECHE_LALA_1L_DESLACTOSADA_LIGHT", "LALA"),
    ("BIMB841", "PAN_BIMBO_CON_NUEZ", "BIMBO"),
    ("PEPS257", "PEPSI_VAINILLA_600ML", "PEPSI"),
    ("LALA483", "LECHE_LALA_1L_COCO", "LALA"),
    ("HERD744", "SALSA_TAQUERA_HERDEZ_250G", "HERDEZ"),
    ("JUME631", "JUMEX_UVA_500ML", "JUMEX"),
    ("HERD731", "SALSA_GUAJILLO_HERDEZ_250G", "HERDEZ"),
    ("LAC373", "CHILES_HABANEROS_LA_COSTEÑA_380G", "LA_COSTEÑA"),
    ("LAC313", "CHILES_SERRANOS_LA_COSTEÑA_380G", "LA_COSTEÑA"),
    ("JUME139", "JUMEX_MANGO_500ML", "JUMEX"),
    ("MODE129", "CERVEZA_MODELO_ULTRA_355ML", "MODELO"),
    ("BIMB516", "PAN_BIMBO_MULTIGRANO", "BIMBO"),
    ("BIMB290", "PAN_BIMBO_CON_AJONJOLI", "BIMBO"),
    ("GAME987", "GALLETAS_MARIAS_GAMESA", "GAMESA");

---registros de precios-
INSERT INTO PRECIOS(ID_PROD,PRECIO) VALUES("COCA600",25);
INSERT INTO PRECIOS(ID_PROD,PRECIO) VALUES
    ("BIMB426", 18),
    ("LALA108", 25),
    ("JUME139", 15),
    ("CORO426", 30),
    ("BIMB493", 22),
    ("LALA123", 28),
    ("COCA174", 12),
    ("LAC663", 45),
    ("LALA490", 26),
    ("PEPS763", 13),
    ("LALA908", 29),
    ("JUME270", 16),
    ("BIMB153", 20),
    ("MODE430", 32),
    ("LALA566", 27),
    ("LALA115", 24),
    ("HERD430", 38),
    ("MODE894", 35),
    ("LAC602", 48),
    ("MODE129", 31),
    ("BIMB516", 23),
    ("BIMB290", 21),
    ("GAME987", 40),
    ("CORO698", 33),
    ("CORO536", 34),
    ("COCA586", 14),
    ("GAME149", 39),
    ("LAC509", 47),
    ("CORO423", 36),
    ("LALA744", 25),
    ("JUME357", 17),
    ("PEPS733", 11),
    ("JUME961", 19),
    ("LAC191", 46),
    ("MODE596", 37),
    ("JUME381", 18),
    ("JUME539", 20),
    ("PEPS881", 15),
    ("HERD738", 39),
    ("PEPS615", 12),
    ("BIMB218", 19),
    ("LALA184", 26),
    ("BIMB841", 24),
    ("PEPS257", 13),
    ("LALA483", 28),
    ("HERD744", 40),
    ("JUME631", 17),
    ("HERD731", 41),
    ("LAC373", 49),
    ("LAC313", 44);
INSERT INTO PRECIOS(ID_PROD,PRECIO) VALUES
    ("JUME148", 18),
    ("COCA258", 12),
    ("PEPS786", 13),
    ("LALA150", 25),
    ("PEPS137", 14),
    ("BIMB135", 22),
    ("JUME915", 17),
    ("LAC759", 45),
    ("BIMB496", 20),
    ("MODE839", 33),
    ("COCA493", 11),
    ("BIMB525", 23),
    ("GAME815", 40),
    ("LALA749", 28),
    ("BIMB623", 21),
    ("HERD737", 39),
    ("GAME310", 38),
    ("MODE313", 32),
    ("BIMB803", 24),
    ("CORO922", 35),
    ("LAC879", 48),
    ("JUME333", 16),
    ("COCA885", 10),
    ("HERD828", 41),
    ("MODE317", 37),
    ("MODE634", 31),
    ("CORO159", 36),
    ("COCA922", 19),
    ("BIMB682", 18),
    ("GAME199", 47),
    ("BIMB109", 26),
    ("HERD605", 49),
    ("JUME285", 27),
    ("CORO828", 34),
    ("MODE466", 30),
    ("LALA184", 25),
    ("BIMB841", 20),
    ("PEPS257", 12),
    ("LALA483", 28),
    ("HERD744", 39),
    ("JUME631", 16),
    ("HERD731", 44),
    ("LAC373", 46),
    ("LAC313", 43),
    ("JUME139", 18),
    ("MODE129", 33),
    ("BIMB516", 22),
    ("BIMB290", 23),
    ("GAME987", 48);



--registros de ventas--
INSERT INTO VENTAS(ID_PROD,FECHA,PRECIO,CANTIDAD) VALUES("COCA600",'1990-12-12',25,10);
INSERT INTO VENTAS(ID_PROD,FECHA,PRECIO,CANTIDAD) VALUES
    ("BIMB426", '2025-02-05', 18, 1),
    ("BIMB426", '2025-02-02', 126, 7),
    ("LALA108", '2025-01-04', 50, 2),
    ("LALA108", '2025-01-03', 225, 9),
    ("JUME139", '2025-01-13', 60, 4),
    ("JUME139", '2025-02-05', 120, 8),
    ("CORO426", '2025-03-04', 150, 5),
    ("CORO426", '2025-02-24', 270, 9),
    ("BIMB493", '2025-02-08', 110, 5),
    ("BIMB493", '2025-02-04', 132, 6),
    ("LALA123", '2025-02-11', 140, 5),
    ("LALA123", '2025-03-03', 168, 6),
    ("COCA174", '2025-01-14', 96, 8),
    ("COCA174", '2025-03-20', 12, 1),
    ("LAC663", '2025-01-10', 270, 6),
    ("LAC663", '2025-02-07', 450, 10),
    ("LALA490", '2025-02-17', 130, 5),
    ("LALA490", '2025-03-13', 182, 7),
    ("PEPS763", '2025-01-02', 26, 2),
    ("PEPS763", '2025-01-17', 91, 7),
    ("LALA908", '2025-02-04', 58, 2),
    ("LALA908", '2025-01-08', 87, 3),
    ("JUME270", '2025-01-07', 96, 6),
    ("JUME270", '2025-01-24', 48, 3),
    ("BIMB153", '2025-02-11', 200, 10),
    ("BIMB153", '2025-01-09', 60, 3),
    ("MODE430", '2025-03-20', 288, 9),
    ("MODE430", '2025-03-21', 256, 8),
    ("LALA566", '2025-01-22', 189, 7),
    ("LALA566", '2025-03-02', 135, 5),
    ("LALA115", '2025-01-02', 48, 2),
    ("LALA115", '2025-03-09', 192, 8),
    ("HERD430", '2025-02-21', 380, 10),
    ("HERD430", '2025-03-10', 266, 7),
    ("MODE894", '2025-02-26', 70, 2),
    ("MODE894", '2025-01-14', 210, 6),
    ("LAC602", '2025-01-08', 336, 7),
    ("LAC602", '2025-02-21', 288, 6),
    ("MODE129", '2025-02-27', 279, 9),
    ("MODE129", '2025-01-14', 93, 3),
    ("BIMB516", '2025-01-24', 92, 4),
    ("BIMB516", '2025-01-13', 184, 8),
    ("BIMB290", '2025-01-14', 210, 10),
    ("BIMB290", '2025-03-01', 210, 10),
    ("GAME987", '2025-02-27', 80, 2),
    ("GAME987", '2025-01-07', 160, 4),
    ("CORO698", '2025-01-22', 66, 2),
    ("CORO698", '2025-01-10', 264, 8),
    ("CORO536", '2025-01-10', 238, 7),
    ("CORO536", '2025-02-07', 204, 6),
    ("COCA586", '2025-02-17', 28, 2),
    ("COCA586", '2025-02-21', 84, 6),
    ("GAME149", '2025-01-21', 39, 1),
    ("GAME149", '2025-01-14', 312, 8),
    ("LAC509", '2025-01-29', 376, 8),
    ("LAC509", '2025-03-17', 329, 7),
    ("CORO423", '2025-03-08', 36, 1),
    ("CORO423", '2025-03-22', 144, 4),
    ("LALA744", '2025-01-13', 100, 4),
    ("LALA744", '2025-01-09', 200, 8),
    ("JUME357", '2025-01-06', 170, 10),
    ("JUME357", '2025-02-12', 170, 10),
    ("PEPS733", '2025-03-18', 77, 7),
    ("PEPS733", '2025-01-25', 11, 1),
    ("JUME961", '2025-03-16', 133, 7),
    ("JUME961", '2025-01-03', 57, 3),
    ("LAC191", '2025-02-04', 368, 8),
    ("LAC191", '2025-01-14', 460, 10),
    ("MODE596", '2025-03-14', 296, 8),
    ("MODE596", '2025-03-09', 333, 9),
    ("JUME381", '2025-03-16', 90, 5),
    ("JUME381", '2025-01-28', 36, 2),
    ("JUME539", '2025-03-14', 160, 8),
    ("JUME539", '2025-02-12', 20, 1),
    ("PEPS881", '2025-02-09', 105, 7),
    ("PEPS881", '2025-03-06', 15, 1),
    ("HERD738", '2025-01-25', 117, 3),
    ("HERD738", '2025-03-07', 195, 5),
    ("PEPS615", '2025-03-12', 36, 3),
    ("PEPS615", '2025-03-16', 12, 1),
    ("BIMB218", '2025-01-20', 76, 4),
    ("BIMB218", '2025-01-07', 38, 2),
    ("LALA184", '2025-03-01', 78, 3),
    ("LALA184", '2025-03-16', 234, 9),
    ("BIMB841", '2025-01-16', 48, 2),
    ("BIMB841", '2025-03-21', 144, 6),
    ("PEPS257", '2025-03-14', 39, 3),
    ("PEPS257", '2025-01-08', 65, 5),
    ("LALA483", '2025-03-12', 252, 9),
    ("LALA483", '2025-03-20', 252, 9),
    ("HERD744", '2025-01-12', 120, 3),
    ("HERD744", '2025-01-27', 40, 1),
    ("JUME631", '2025-03-02', 119, 7),
    ("JUME631", '2025-02-24', 68, 4),
    ("HERD731", '2025-03-07', 164, 4),
    ("HERD731", '2025-01-20', 328, 8),
    ("LAC373", '2025-03-14', 343, 7),
    ("LAC373", '2025-03-13', 49, 1),
    ("LAC313", '2025-01-09', 220, 5),
    ("LAC313", '2025-02-14', 440, 10),
    ("BIMB426", '2025-03-21', 18, 1);

INSERT INTO VENTAS(ID_PROD,FECHA,PRECIO,CANTIDAD) VALUES
    ("JUME148", '2025-01-13', 126, 7),
    ("JUME148", '2025-02-07', 18, 1),
    ("COCA258", '2025-03-03', 72, 6),
    ("COCA258", '2025-02-17', 96, 8),
    ("PEPS786", '2025-01-24', 52, 4),
    ("PEPS786", '2025-01-20', 39, 3),
    ("LALA150", '2025-03-15', 25, 1),
    ("LALA150", '2025-02-06', 200, 8),
    ("PEPS137", '2025-01-03', 126, 9),
    ("PEPS137", '2025-02-06', 112, 8),
    ("BIMB135", '2025-01-23', 132, 6),
    ("BIMB135", '2025-02-17', 220, 10),
    ("JUME915", '2025-01-07', 68, 4),
    ("JUME915", '2025-02-23', 68, 4),
    ("LAC759", '2025-03-03', 450, 10),
    ("LAC759", '2025-03-19', 270, 6),
    ("BIMB496", '2025-02-07', 180, 9),
    ("BIMB496", '2025-02-21', 60, 3),
    ("MODE839", '2025-01-13', 99, 3),
    ("MODE839", '2025-01-04', 198, 6),
    ("COCA493", '2025-02-27', 110, 10),
    ("COCA493", '2025-02-10', 88, 8),
    ("BIMB525", '2025-01-30', 138, 6),
    ("BIMB525", '2025-01-17', 23, 1),
    ("GAME815", '2025-02-24', 40, 1),
    ("GAME815", '2025-02-26', 360, 9),
    ("LALA749", '2025-01-11', 168, 6),
    ("LALA749", '2025-02-17', 28, 1),
    ("BIMB623", '2025-01-17', 147, 7),
    ("BIMB623", '2025-03-08', 21, 1),
    ("HERD737", '2025-03-17', 156, 4),
    ("HERD737", '2025-01-10', 195, 5),
    ("GAME310", '2025-02-19', 228, 6),
    ("GAME310", '2025-02-17', 342, 9),
    ("MODE313", '2025-03-08', 64, 2),
    ("MODE313", '2025-01-26', 192, 6),
    ("BIMB803", '2025-03-07', 96, 4),
    ("BIMB803", '2025-02-10', 96, 4),
    ("CORO922", '2025-03-03', 315, 9),
    ("CORO922", '2025-01-31', 105, 3),
    ("LAC879", '2025-01-21', 432, 9),
    ("LAC879", '2025-02-18', 240, 5),
    ("JUME333", '2025-03-10', 112, 7),
    ("JUME333", '2025-03-08', 16, 1),
    ("COCA885", '2025-03-18', 40, 4),
    ("COCA885", '2025-02-21', 30, 3),
    ("HERD828", '2025-01-18', 328, 8),
    ("HERD828", '2025-01-31', 287, 7),
    ("MODE317", '2025-01-29', 370, 10),
    ("MODE317", '2025-03-14', 111, 3),
    ("MODE634", '2025-01-05', 62, 2),
    ("MODE634", '2025-03-12', 93, 3),
    ("CORO159", '2025-01-24', 252, 7),
    ("CORO159", '2025-03-09', 108, 3),
    ("COCA922", '2025-01-14', 190, 10),
    ("COCA922", '2025-02-20', 76, 4),
    ("BIMB682", '2025-01-20', 144, 8),
    ("BIMB682", '2025-03-10', 162, 9),
    ("GAME199", '2025-01-24', 235, 5),
    ("GAME199", '2025-01-05', 470, 10),
    ("BIMB109", '2025-03-21', 26, 1),
    ("BIMB109", '2025-01-21', 130, 5),
    ("HERD605", '2025-01-31', 490, 10),
    ("HERD605", '2025-02-09', 147, 3),
    ("JUME285", '2025-02-01', 81, 3),
    ("JUME285", '2025-01-27', 54, 2),
    ("CORO828", '2025-01-27', 306, 9),
    ("CORO828", '2025-01-21', 136, 4),
    ("MODE466", '2025-02-08', 180, 6),
    ("MODE466", '2025-02-26', 300, 10),
    ("LALA184", '2025-02-06', 250, 10),
    ("LALA184", '2025-02-23', 125, 5),
    ("BIMB841", '2025-03-01', 60, 3),
    ("BIMB841", '2025-03-07', 100, 5),
    ("PEPS257", '2025-02-28', 36, 3),
    ("PEPS257", '2025-02-11', 12, 1),
    ("LALA483", '2025-02-27', 28, 1),
    ("LALA483", '2025-01-08', 280, 10),
    ("HERD744", '2025-02-02', 234, 6),
    ("HERD744", '2025-01-29', 390, 10),
    ("JUME631", '2025-03-19', 64, 4),
    ("JUME631", '2025-03-15', 80, 5),
    ("HERD731", '2025-02-23', 176, 4),
    ("HERD731", '2025-03-04', 308, 7),
    ("LAC373", '2025-02-22', 230, 5),
    ("LAC373", '2025-03-17', 230, 5),
    ("LAC313", '2025-02-21', 387, 9),
    ("LAC313", '2025-02-23', 387, 9),
    ("JUME139", '2025-03-21', 36, 2),
    ("JUME139", '2025-01-22', 144, 8),
    ("MODE129", '2025-02-10', 66, 2),
    ("MODE129", '2025-01-21', 198, 6),
    ("BIMB516", '2025-02-04', 132, 6),
    ("BIMB516", '2025-02-10', 88, 4),
    ("BIMB290", '2025-01-23', 230, 10),
    ("BIMB290", '2025-01-01', 69, 3),
    ("GAME987", '2025-01-10', 480, 10),
    ("GAME987", '2025-02-22', 240, 5),
    ("JUME148", '2025-01-15', 144, 8),
    ("JUME148", '2025-02-02', 18, 1),
    ("COCA258", '2025-03-11', 108, 9);